<?xml version="1.0" encoding="UTF-8"?>
<scene id="id269551" GSCVersion="1.25.103" PGFVersion="0.25"><layers><layer id="id112326"><actors><actor id="id179914" prototype="id157988"><attributes><point id="position"><real id="x">640</real><real id="y">455</real></point></attributes><aspects/></actor><actor id="id399406" prototype="id785634"><attributes><point id="position"><real id="x">640</real><real id="y">250</real></point></attributes><aspects/></actor></actors><attributes><text id="name">Background</text><boolean id="scrollable">true</boolean></attributes></layer></layers><attributes><text id="name">Initial Scene</text><real id="time">0</real><size id="size"><real id="width">1280</real><real id="height">720</real></size><boolean id="wrapX">false</boolean><boolean id="wrapY">false</boolean><point id="gravity"><real id="x">0</real><real id="y">0</real></point><color id="color"><real id="red">0.39999204874039</real><real id="green">0.80006229877472</real><real id="blue">0.99894857406616</real><real id="alpha">1</real></color><rect id="camera"><point id="origin"><real id="x">0</real><real id="y">0</real></point><size id="size"><real id="width">1280</real><real id="height">720</real></size><size id="trackingArea"><real id="width">1200</real><real id="height">640</real></size><real id="rotation">0</real></rect><attributes id="autorotate"><boolean id="landscapeLeft">true</boolean><boolean id="portrait">false</boolean><boolean id="landscapeRight">false</boolean><boolean id="portraitUpsideDown">false</boolean></attributes></attributes></scene>
