<?xml version="1.0" encoding="UTF-8"?>
<actor PGFVersion="0.25" id="id157988" GSCVersion="1.25.103"><attributes><text id="name">Window Mode Button</text><real id="time">0</real><point id="position"><real id="x">0</real><real id="y">0</real></point><size id="size"><real id="width">442</real><real id="height">128</real></size><angle id="rotation">0</angle><color id="color"><real id="red">1</real><real id="green">1</real><real id="blue">1</real><real id="alpha">1</real></color><image id="image">button pink</image><text id="tags"></text><boolean id="preloadArt">true</boolean><integer name="Mode" id="id745881">0</integer></attributes><behaviors><behavior enabled="true" id="id240561" class="RuleBehavior"><attributes><text id="name">Toggle Window Mode</text><text id="bundleName">Rule.behavior</text><boolean id="runOnce">false</boolean><boolean id="runSequentially">false</boolean><real id="compoundConditionKind">0</real></attributes><conditions><condition id="id384483" pluginPredicateTypeIndex="0" eventType="touch"><attributes><index id="conditionType">0</index></attributes><predicate type="touch" conditionType="pressed"><attributes/></predicate></condition></conditions><behaviors><behavior id="id974576" class="TweetSheetAction" enabled="true"><attributes><text id="name">Trigger window state change in Tauri</text><text id="bundleName">TweetSheet.behavior</text><text id="message">WindowChange</text><boolean id="editable">true</boolean><text id="image"></text></attributes></behavior><behavior id="id214506" class="ChangeAttributeAction" enabled="true"><attributes><text id="name">Keep Track of Window Mode</text><text id="bundleName">ChangeAttribute.behavior</text><text id="targetAttribute">self.attributes.id745881</text><text id="RHS"><expression><string xml:space="preserve">1-</string><reference keypath="self.attributes.id745881"/></expression></text></attributes></behavior></behaviors><elseBehaviors/></behavior><behavior id="id915151" class="DisplayTextBehavior" enabled="true"><attributes><text id="name">Button label</text><text id="bundleName">DisplayText.behavior</text><text id="text">Toggle Window Mode</text><text id="font">Monda</text><real id="size">24</real><index id="alignment">1</index><boolean id="wrap">false</boolean><color id="color"><real id="red">0.99999505281448</real><real id="green">1</real><real id="blue">1</real><real id="alpha">1</real></color><real id="offsetx">0</real><real id="offsety">35</real><index id="space">0</index><index id="directionSpace">0</index><angle id="direction">0</angle></attributes></behavior><behavior enabled="true" id="id496511" class="RuleBehavior"><attributes><text id="name">Display window mode</text><text id="bundleName">Rule.behavior</text><boolean id="runOnce">false</boolean><boolean id="runSequentially">false</boolean><real id="compoundConditionKind">0</real></attributes><conditions><condition id="id574843" pluginPredicateTypeIndex="0" eventType="mouse position"><attributes><index id="conditionType">1</index><text id="subjectAttribute">self.attributes.id745881</text></attributes><predicate type="number"><attributes><text id="operator">=</text><real id="RHS">0</real></attributes></predicate></condition></conditions><behaviors><behavior id="id242915" class="DisplayTextBehavior" enabled="true"><attributes><text id="name">Fullscreen</text><text id="bundleName">DisplayText.behavior</text><text id="text">Fullscreen</text><text id="font">Monda</text><real id="size">36</real><index id="alignment">1</index><boolean id="wrap">false</boolean><color id="color"><real id="red">0.90195697546005</real><real id="green">0.90198397636414</real><real id="blue">0.90196859836578</real><real id="alpha">1</real></color><real id="offsetx">0</real><real id="offsety">-5</real><index id="space">0</index><index id="directionSpace">0</index><angle id="direction">0</angle></attributes></behavior></behaviors><elseBehaviors><behavior id="id523847" class="DisplayTextBehavior" enabled="true"><attributes><text id="name">Windowed</text><text id="bundleName">DisplayText.behavior</text><text id="text">Windowed</text><text id="font">Monda</text><real id="size">36</real><index id="alignment">1</index><boolean id="wrap">false</boolean><color id="color"><real id="red">0.90195697546005</real><real id="green">0.90198397636414</real><real id="blue">0.90196859836578</real><real id="alpha">1</real></color><real id="offsetx">0</real><real id="offsety">-5</real><index id="space">0</index><index id="directionSpace">0</index><angle id="direction">0</angle></attributes></behavior></elseBehaviors></behavior></behaviors><aspects><graphics><attributes><boolean id="visible">true</boolean><enumeration id="blendingMode">0</enumeration><enumeration id="horizontalWrap">0</enumeration><enumeration id="verticalWrap">0</enumeration><enumeration id="horizontalAnchor">0</enumeration><enumeration id="verticalAnchor">0</enumeration><boolean id="flipHorizontally">false</boolean><boolean id="flipVertically">false</boolean><integer id="tileWidth">442</integer><integer id="tileHeight">128</integer></attributes></graphics><motion><attributes><point id="linearVelocity"><real id="x">0</real><real id="y">0</real></point><point id="centerOfMass"><real id="x">0</real><real id="y">0</real></point><real id="angularVelocity">0</real><real id="maxSpeed">0</real><boolean id="applyMaxSpeed">false</boolean><boolean id="pin">false</boolean></attributes></motion><physics><attributes><real id="density">1</real><real id="friction">3</real><real id="restitution">1</real><boolean id="fixedRotation">false</boolean><boolean id="movable">true</boolean><enumeration id="collisionShape">0</enumeration><real id="drag">0</real><real id="angularDrag">0</real><boolean id="canSleep">true</boolean><boolean id="betterColisions">false</boolean></attributes></physics></aspects></actor>
