<?xml version="1.0" encoding="UTF-8"?>
<game GSCVersion="1.25.103" PGFVersion="0.25" title="Tauri Window Mode and Quit Demo"><resolutionIndependence>0</resolutionIndependence><instructions>Add game instructions here.</instructions><resolution>5</resolution><scenes><scene id="id269551" label="Initial Scene"/></scenes><longDescription>Small demo to accompany the tutorial on making Windows games by wrapping HTML5 exports with Tauri.</longDescription><prototypes><actor id="id785634"/><actor id="id157988"/></prototypes><plugins><attributes id="playhaven"/><attributes id="qqgamecenter"><boolean id="enabled">false</boolean></attributes></plugins><networkEnabled>0</networkEnabled><attributes><text id="name">default name</text><real id="time">0</real><integer id="randomSeed">-1</integer><size id="displaySize"><real id="width">1280</real><real id="height">720</real></size><text id="actorTags"></text><adreward id="adReward"><integer id="value">0</integer><text id="name"></text></adreward><enumeration id="playerType">1</enumeration><playermap id="player1 Keymap"><text id="dpadUp"></text><text id="dpadDown"></text><text id="dpadLeft"></text><text id="dpadRight"></text><text id="buttonX"></text><text id="buttonY"></text><text id="buttonA"></text><text id="buttonB"></text><text id="start"></text><text id="select"></text><text id="leftShoulder1"></text><text id="rightShoulder1"></text><text id="leftShoulder2"></text><text id="rightShoulder2"></text><text id="leftStickClick"></text><text id="rightStickClick"></text></playermap><playermap id="player2 Keymap"><text id="dpadUp"></text><text id="dpadDown"></text><text id="dpadLeft"></text><text id="dpadRight"></text><text id="buttonX"></text><text id="buttonY"></text><text id="buttonA"></text><text id="buttonB"></text><text id="start"></text><text id="select"></text><text id="leftShoulder1"></text><text id="rightShoulder1"></text><text id="leftShoulder2"></text><text id="rightShoulder2"></text><text id="leftStickClick"></text><text id="rightStickClick"></text></playermap><playermap id="player3 Keymap"><text id="dpadUp"></text><text id="dpadDown"></text><text id="dpadLeft"></text><text id="dpadRight"></text><text id="buttonX"></text><text id="buttonY"></text><text id="buttonA"></text><text id="buttonB"></text><text id="start"></text><text id="select"></text><text id="leftShoulder1"></text><text id="rightShoulder1"></text><text id="leftShoulder2"></text><text id="rightShoulder2"></text><text id="leftStickClick"></text><text id="rightStickClick"></text></playermap><playermap id="player4 Keymap"><text id="dpadUp"></text><text id="dpadDown"></text><text id="dpadLeft"></text><text id="dpadRight"></text><text id="buttonX"></text><text id="buttonY"></text><text id="buttonA"></text><text id="buttonB"></text><text id="start"></text><text id="select"></text><text id="leftShoulder1"></text><text id="rightShoulder1"></text><text id="leftShoulder2"></text><text id="rightShoulder2"></text><text id="leftStickClick"></text><text id="rightStickClick"></text></playermap><playermap id="player5 Keymap"><text id="dpadUp"></text><text id="dpadDown"></text><text id="dpadLeft"></text><text id="dpadRight"></text><text id="buttonX"></text><text id="buttonY"></text><text id="buttonA"></text><text id="buttonB"></text><text id="start"></text><text id="select"></text><text id="leftShoulder1"></text><text id="rightShoulder1"></text><text id="leftShoulder2"></text><text id="rightShoulder2"></text><text id="leftStickClick"></text><text id="rightStickClick"></text></playermap><playermap id="player6 Keymap"><text id="dpadUp"></text><text id="dpadDown"></text><text id="dpadLeft"></text><text id="dpadRight"></text><text id="buttonX"></text><text id="buttonY"></text><text id="buttonA"></text><text id="buttonB"></text><text id="start"></text><text id="select"></text><text id="leftShoulder1"></text><text id="rightShoulder1"></text><text id="leftShoulder2"></text><text id="rightShoulder2"></text><text id="leftStickClick"></text><text id="rightStickClick"></text></playermap><playermap id="player7 Keymap"><text id="dpadUp"></text><text id="dpadDown"></text><text id="dpadLeft"></text><text id="dpadRight"></text><text id="buttonX"></text><text id="buttonY"></text><text id="buttonA"></text><text id="buttonB"></text><text id="start"></text><text id="select"></text><text id="leftShoulder1"></text><text id="rightShoulder1"></text><text id="leftShoulder2"></text><text id="rightShoulder2"></text><text id="leftStickClick"></text><text id="rightStickClick"></text></playermap><playermap id="player8 Keymap"><text id="dpadUp"></text><text id="dpadDown"></text><text id="dpadLeft"></text><text id="dpadRight"></text><text id="buttonX"></text><text id="buttonY"></text><text id="buttonA"></text><text id="buttonB"></text><text id="start"></text><text id="select"></text><text id="leftShoulder1"></text><text id="rightShoulder1"></text><text id="leftShoulder2"></text><text id="rightShoulder2"></text><text id="leftStickClick"></text><text id="rightStickClick"></text></playermap><table name="PurchaseTable" id="id393818">PurchaseTable</table></attributes></game>
